{
    "accuracy": 0.9392831016825165,
    "precision": 0.8496732026143791,
    "recall": 0.6842105263157895,
    "auc": 0.9185194294146581
}